episode,trainingTime,maxWaitTime,avgWaitTime,maxStopped,avgStopped,avgReward
2,0.0,11076.5,2572.123439667129,92.5,31.350901525658806,-0.008966712898751722
3,17.242151737213135,6814.5,2295.462552011096,68.0,29.05755894590846,-0.004209431345353661
4,59.33558917045593,10130.0,2014.7981969486823,93.5,28.86130374479889,-0.010180305131761432
5,74.86927247047424,9375.0,1474.1678224687935,79.5,22.536061026352286,-0.003599167822468779
6,90.5409643650055,6592.5,1245.5603328710126,82.0,21.961858529819693,-0.0015048543689320235
7,132.05895352363586,4260.0,1147.9382801664356,70.0,22.966712898751734,-0.000638002773925091
8,147.5686891078949,3304.5,837.2766990291262,63.5,19.171983356449374,-0.0019625520110956862
9,162.73047137260437,3187.0,732.9341192787795,71.5,19.09778085991678,-0.0003536754507628167
10,203.1417055130005,2156.5,547.25173370319,44.0,15.530513176144243,-0.0023855755894590727
11,218.07318449020386,2585.5,636.993758668516,63.5,16.812066574202497,-0.0010610263522884721
12,233.00342059135437,2868.0,635.4604715672676,52.5,17.09223300970874,-0.0012690707350901356
13,272.8801643848419,1613.5,431.3356449375867,46.5,14.168515950069349,-3.467406380026449e-05
14,287.25974130630493,2145.0,377.5554785020804,51.0,13.101941747572816,-9.708737864076356e-05
15,326.2703335285187,1451.0,326.504160887656,40.5,12.635922330097088,-0.0005270457697642047
16,340.70322155952454,1761.0,352.72607489597783,50.0,13.056865464632455,-0.000665742024965314
17,355.162428855896,1746.5,360.1733703190014,46.5,12.988904299583911,-0.00024965325936198525
18,395.1977140903473,3057.5,593.504854368932,51.0,14.081830790568654,-2.0804438280152364e-05
19,409.17840671539307,1100.5,246.00069348127602,34.0,11.00624133148405,-1.3869625520098765e-05
20,423.6034264564514,1305.5,293.63938973647714,42.0,11.647018030513177,-2.773925104021054e-05
21,462.4065821170807,1523.5,326.752427184466,46.5,12.20388349514563,-0.0004576976421636503
22,476.2725040912628,1253.5,255.22052704576976,38.0,10.722607489597781,-0.00010402219140081887
23,490.7185983657837,2235.5,303.74271844660194,42.0,11.845353675450763,-0.0005547850208044247
24,529.7431619167328,1096.5,265.1733703190014,35.0,11.192787794729542,-0.0001386962552010987
25,543.8498685359955,909.0,208.60263522884884,32.5,10.244105409153953,-6.93481276005413e-05
26,583.5136704444885,1286.0,255.39597780859916,40.5,11.147711511789183,-1.386962552010042e-05
27,597.2894077301025,1108.0,240.9611650485437,37.0,10.583217753120666,-0.0002080443828016534
28,611.3673589229584,1521.5,228.94521497919555,44.0,10.062413314840498,-0.00011789181692093007
29,650.5274999141693,1945.5,307.3300970873786,46.5,10.907766990291261,-3.467406380026476e-05
30,664.4267485141754,1464.5,223.78294036061027,35.5,9.965325936199722,-0.0003120665742024859
31,678.2437632083893,651.5,167.64355062413316,31.5,8.882108183079056,-0.0007004160887655933
32,717.517205953598,1706.0,197.89736477115116,49.5,9.40360610263523,-0.00015256588072120846
33,731.3215379714966,1197.0,222.36615811373093,33.5,9.89112343966713,-0.0002080443828016556
34,745.1144454479218,735.5,189.09778085991678,31.5,9.294036061026352,-0.0005339805825242617
35,783.9936592578888,988.0,152.7135922330097,33.0,8.179611650485437,-4.160887656032325e-05
36,798.301894903183,1026.5,189.2357836338419,34.0,8.838418862690707,-0.000728155339805818
37,812.2035171985626,738.5,165.63037447988904,25.0,8.638002773925106,-0.0002149791955617104
38,850.8288559913635,881.5,150.39459084604715,31.0,7.999306518723994,-9.708737864076673e-05
39,864.7135527133942,1700.0,216.9355062413315,32.5,9.22122052704577,-8.321775312065701e-05
40,904.6820046901703,986.0,181.99237170596393,26.0,8.744798890429959,-1.3869625520102345e-05
41,918.7566449642181,1962.0,244.2642163661581,42.5,9.860610263522885,-0.0005686546463245413
42,932.5235188007355,910.5,166.16712898751734,29.0,8.432732316227462,-0.00011095700416088033
43,971.5499975681305,1845.5,234.6990291262136,40.5,9.195561719833565,-7.628294036060285e-05
44,985.3718264102936,628.0,159.20527045769762,27.5,8.475728155339805,-9.708737864076693e-05
45,999.3075430393219,807.5,170.91955617198334,32.0,8.420943134535367,-4.854368932037658e-05
46,1039.0310232639313,841.5,152.1712898751734,29.5,8.042995839112344,7.08325369386369e-18
47,1052.8844239711761,1913.5,207.94729542302358,28.0,8.215672676837725,-0.00011095700416087939
48,1066.4188659191132,707.0,142.53190013869624,29.5,7.5256588072122055,-1.3869625520102269e-05
49,1105.2701392173767,624.0,131.07142857142858,23.0,6.821775312066574,-7.628294036060264e-05
50,1118.782767534256,571.5,106.68030513176144,22.0,6.288488210818308,7.343101315785319e-18
51,1158.7079150676727,420.5,91.35298196948682,21.0,5.913314840499307,-0.00044382801664354213
52,1172.9519469738007,560.0,106.21012482662968,27.0,6.421636615811373,-4.1608876560325286e-05
53,1186.6361558437347,555.5,103.59015256588071,25.5,6.378640776699029,8.295875929497962e-18
54,1225.5502083301544,650.5,102.82662968099862,27.0,6.1830790568654646,-0.0008460471567267619
55,1239.1678655147552,579.0,105.03952843273231,23.0,6.05617198335645,7.545205021724365e-18
56,1252.6526019573212,568.0,98.16504854368932,23.5,6.0769764216366156,-1.386962552010327e-05
57,1291.006719827652,632.0,95.37933425797503,25.5,5.74618585298197,-0.00015256588072121404
58,1304.4086923599243,628.5,96.60263522884881,21.5,5.889736477115118,-7.628294036060498e-05
59,1318.5873711109161,498.5,84.19348127600554,21.0,5.478502080443828,-3.467406380027187e-05
60,1357.1091659069061,1542.5,144.7773925104022,31.0,6.514563106796116,-6.93481276004819e-06
61,1370.5802342891693,1016.5,120.57350901525658,24.5,5.873786407766991,-6.934812760048902e-06
62,1384.1137845516205,895.5,112.58599167822469,29.5,6.013869625520111,-6.934812760049517e-06
63,1423.6714823246002,663.5,98.33425797503467,22.5,5.8203883495145625,-2.7739251040213567e-05
64,1436.945160150528,813.5,105.1504854368932,26.0,5.814840499306518,-0.0001941747572815467
65,1475.6173183918,828.0,95.72954230235783,27.0,5.7309292649098476,-1.3869625520104291e-05
66,1489.2418892383575,1591.0,163.0478502080444,35.5,6.9986130374479885,-1.3869625520101769e-05
67,1502.8376433849335,1433.5,150.10887656033287,32.5,6.773231622746186,-6.24133148404912e-05
68,1541.873542547226,1149.5,136.3120665742025,30.5,6.334257975034674,-0.00011095700416088115
69,1555.3146936893463,876.0,105.29195561719834,28.0,5.856449375866852,-0.00011095700416087789
70,1569.0442907810211,1376.5,176.03398058252426,36.0,7.065880721220527,-4.8543689320380926e-05
71,1607.8420250415802,1370.0,133.40707350901525,38.0,6.466019417475728,-2.7739251040212045e-05
72,1621.8452398777008,3446.0,450.28640776699035,44.0,9.421636615811373,9.931953549004521e-18
73,1635.4810910224915,2352.5,185.07073509015257,40.5,7.588072122052704,-0.0001664355062413219
74,1674.3575677871704,1153.0,152.87864077669903,35.0,7.039528432732316,-1.3869625520102038e-05
75,1688.2977600097656,4593.5,576.622052704577,40.5,8.78987517337032,-1.3869625520099651e-05
76,1727.125049829483,1152.0,135.8259361997226,28.5,6.833564493758669,1.0259169072905833e-17
77,1740.641199350357,631.5,104.28363384188627,23.0,6.270457697642163,-0.0007975034674063694
78,1754.5775592327118,1584.5,190.84535367545078,33.0,7.470180305131761,-8.321775312065495e-05
79,1793.193077802658,806.5,116.74618585298197,27.0,6.602635228848821,-0.001650485436893194
80,1807.3828117847443,927.5,120.62343966712899,33.0,6.486823855755894,8.469107677445715e-18
81,1821.2999341487885,1894.0,178.82801664355063,43.0,7.472260748959778,-0.001366158113730918
82,1860.2637655735016,2244.0,242.2371705963939,43.5,7.980582524271844,-1.386962552010354e-05
83,1873.73202586174,513.0,94.2371705963939,26.0,5.964632454923716,-5.547850208043658e-05
84,1887.2627885341644,964.5,125.57281553398059,35.5,6.536754507628294,-0.00013176144244104386
85,1930.0255336761475,1286.0,156.95769764216368,33.5,7.058252427184466,9.508498165132236e-18
86,1944.1398658752441,2481.5,212.09292649098475,28.0,6.828016643550624,-4.160887656031751e-05
87,1983.3711364269257,3025.0,207.373786407767,28.0,6.94244105409154,-0.017919556171983347
88,1996.7296414375305,810.5,114.46463245492372,30.5,6.34882108183079,9.546994109120624e-18
89,2010.1635282039642,1186.0,126.86546463245492,38.0,6.49375866851595,-0.00020110957004159966
90,2047.9701750278473,1167.5,103.70873786407768,35.0,6.165742024965326,-4.854368932038129e-05
91,2061.5810256004333,1200.5,132.3106796116505,27.0,6.458391123439667,-2.7739251040212774e-05
92,2075.053432226181,821.0,95.62829403606102,27.5,5.966019417475728,-0.0002080443828016561
93,2112.991532802582,1035.5,122.68169209431345,24.5,6.44244105409154,5.370184186380352e-18
94,2126.513522863388,777.0,108.01525658807212,26.5,6.226074895977808,-1.3869625520101257e-05
95,2140.1746566295624,531.5,99.01803051317614,22.5,6.1490984743411925,-8.321775312065831e-05
96,2179.5143160820007,830.5,95.96671289875172,26.0,5.957697642163661,-3.46740638002722e-05
97,2192.9218962192535,567.5,79.8869625520111,22.0,5.348127600554784,6.04386320617717e-18
98,2206.5563247203827,786.0,99.52149791955617,29.5,6.197642163661581,-1.3869625520103693e-05
99,2245.4891917705536,707.5,122.07073509015257,29.5,6.621359223300971,-2.7739251040215318e-05
100,2259.1156692504883,1286.5,153.63037447988904,28.0,6.521497919556172,-0.0005409153952843183
101,2298.4302775859833,2304.5,199.34535367545075,38.5,7.132454923717059,-0.00016643550624132267
102,2311.9495375156403,1042.0,138.6622746185853,25.0,6.583217753120666,-6.9348127600457455e-06
103,2325.4735250473022,1493.5,130.63869625520113,25.0,6.364077669902913,7.237237469817248e-18
104,2364.2205889225006,486.0,86.59708737864078,21.0,5.807905686546464,-4.1608876560322285e-05
105,2377.99267411232,1305.0,159.6095700416089,34.0,6.75381414701803,-0.0005201109570041518
106,2391.4789340496063,913.0,93.05201109570041,22.0,5.720527045769764,-0.0006449375866851504
107,2430.2238640785217,757.0,95.76699029126215,26.0,6.065880721220527,-6.241331484049092e-05
108,2443.908282518387,1182.5,181.50970873786406,33.0,7.058252427184466,-0.0002357836338418758
109,2457.468742132187,1342.5,162.68099861303745,30.0,6.787101248266296,-0.0004022191400832066
110,2496.3945410251617,1250.5,116.57836338418863,34.0,6.290568654646324,-0.0006033287101248161
111,2509.875688791275,697.5,115.06934812760055,26.5,6.4875173370319,-2.0804438280156324e-05
112,2548.7962911129,1702.0,137.47087378640776,29.5,6.663661581137309,-3.467406380026761e-05
113,2562.1600699424744,696.5,109.40083217753121,26.0,6.447295423023578,-0.00013176144244104562
114,2575.5500338077545,662.5,121.58044382801666,26.0,6.49375866851595,-5.547850208043606e-05
115,2614.4922597408295,776.5,109.28502080443828,27.5,6.308599167822469,-0.00015950069348126837
116,2628.1622307300568,1463.0,158.7995839112344,39.5,7.11373092926491,-0.00031206657420249025
117,2641.5043692588806,675.0,107.17128987517336,25.5,6.226768377253814,-0.00016643550624132402
118,2679.845742225647,576.5,90.3370319001387,23.0,5.959084604715673,7.891668517619871e-18
119,2693.6136271953583,1483.5,147.85367545076284,37.5,7.20873786407767,-2.7739251040213638e-05
120,2707.796571493149,2773.5,270.3488210818308,43.0,8.363384188626906,-0.00015256588072121207
121,2746.444557905197,821.0,130.2246879334258,30.0,7.000693481276006,-0.00019417475728154512
122,2760.12456202507,939.0,128.85436893203882,29.5,7.004854368932039,-9.708737864076597e-05
123,2773.6751911640167,802.0,126.28502080443829,31.0,6.9778085991678225,-0.00026352288488209926
124,2812.176318883896,935.5,120.80582524271844,24.0,6.403606102635228,-5.547850208043529e-05
125,2825.6119241714478,1016.5,130.5506241331484,30.5,6.429264909847435,-6.934812760045678e-06
126,2864.4003467559814,538.0,95.95353675450764,30.0,6.097780859916782,8.950306977300585e-18
127,2877.9090185165405,508.0,81.28987517337032,24.0,5.713592233009709,-6.934812760054565e-05
128,2891.3844046592712,587.0,101.30513176144244,28.5,6.312066574202497,7.756932713660507e-18
129,2930.945826768875,880.5,139.0846047156727,24.0,7.106796116504855,-1.3869625520101749e-05
130,2944.4847695827484,1074.5,131.65256588072123,25.5,6.450069348127601,7.179493553834663e-18
131,2957.884040594101,564.0,103.91470180305132,23.0,6.26005547850208,-2.7739251040211534e-05
132,2996.37727022171,686.0,116.85852981969487,28.5,6.59500693481276,-0.0014909847434119176
133,3009.913958787918,1176.0,125.42163661581137,33.5,6.852288488210818,7.314229357794027e-18
134,3023.3641283512115,586.5,100.09153952843273,27.0,6.174757281553398,-6.934812760048863e-06
135,3062.2772736549377,625.0,97.35159500693482,20.0,5.740638002773926,-0.0007004160887655929
136,3075.5924832820892,786.0,103.52912621359224,26.5,6.068654646324549,-3.467406380026926e-05
137,3114.425906896591,800.0,113.91054091539529,26.5,6.305131761442441,9.700977885074182e-18
138,3127.996989250183,680.0,102.94660194174757,27.5,6.188626907073509,-3.4674063800269166e-05
139,3141.4880006313324,593.5,97.95769764216365,26.0,5.980582524271845,-3.467406380026858e-05
140,3180.621978521347,1000.0,126.9736477115118,31.0,6.471567267683772,-0.00013176144244104549
141,3193.9917542934418,1101.5,105.86962552011096,28.0,6.078363384188627,-2.7739251040212835e-05
142,3207.9342923164368,4612.0,419.8557558945908,32.0,7.514563106796117,-9.708737864076706e-05
143,3246.839412212372,701.5,90.68169209431346,25.0,5.73370319001387,-3.4674063800270656e-05
144,3260.5241611003876,940.0,116.33772538141471,23.5,6.0839112343966715,7.477837119744683e-18
145,3274.1920580863953,663.0,87.78848821081831,28.0,5.719140083217753,-3.467406380026805e-05
146,3313.743575334549,16078.0,1285.4472954230237,75.5,11.373092926490983,-0.0001456310679611598
147,3327.8787899017334,8161.5,737.5610263522885,49.0,8.641470180305133,-0.00021497919556170929
148,3341.5255324840546,1280.0,137.497919556172,36.0,6.514563106796116,-0.00023578363384187798
149,3379.8038256168365,932.5,99.92926490984743,27.5,5.8099861303744795,-0.00015950069348126766
150,3393.0917942523956,1313.0,104.89320388349515,33.0,5.910540915395284,-1.386962552010098e-05
151,3433.246144771576,16376.0,1571.474341192788,61.0,10.923717059639388,-0.0005547850208044382
152,3447.0481209754944,667.0,87.85714285714286,25.0,5.610957004160888,-0.00013176144244104595
153,3460.625228404999,677.0,99.92371705963939,22.5,6.016643550624133,-0.00019417475728154482
154,3500.211841106415,818.0,100.6123439667129,32.0,5.943134535367545,-1.3869625520099421e-05
155,3513.8422338962555,706.5,93.94174757281553,21.5,5.788488210818308,-7.628294036060157e-05
156,3527.1633684635162,562.5,92.46809986130374,22.5,5.9022191400832185,-3.467406380026788e-05
157,3566.176644563675,651.5,91.4368932038835,24.5,5.627600554785021,-5.5478502080436776e-05
158,3579.6931443214417,751.0,98.18446601941747,22.0,5.6047156726768375,9.854961661027742e-18
159,3592.984248161316,771.0,81.30166435506241,21.0,5.221914008321775,-0.0001109570041608772
160,3631.1279265880585,719.5,95.32662968099861,26.5,5.611650485436893,-1.386962552009973e-05
161,3644.430367708206,857.0,120.16920943134537,27.0,6.337725381414701,-0.00015950069348126802
162,3683.1103603839874,1162.0,144.94521497919555,33.0,6.882801664355062,-4.854368932037869e-05
163,3696.4596016407013,880.5,109.50208044382802,28.0,6.444521497919556,-8.321775312065723e-05
164,3710.8087980747223,1101.0,146.3619972260749,32.0,6.757281553398059,-1.38696255201005e-05
165,3749.432242155075,792.5,97.37101248266296,31.0,5.918169209431345,-7.62829403605994e-05
166,3762.928224802017,1169.5,120.86407766990291,30.0,6.287794729542302,1.0393904876865196e-17
167,3776.5038936138153,2495.5,209.4244105409154,46.5,7.691400832177531,-6.241331484048874e-05
168,3815.3793108463287,608.0,96.21636615811373,24.0,5.9639389736477115,-8.321775312065739e-05
169,3829.031915664673,1479.0,140.8377253814147,32.5,6.39875173370319,-4.854368932037873e-05
170,3844.5075209140778,18424.0,2933.480582524272,62.0,15.187239944521497,-0.003280166435506231
171,3883.213630914688,1203.0,111.74341192787796,36.5,6.421636615811373,-4.160887656032105e-05
172,3897.1689400672913,7395.5,654.3411927877947,45.0,8.408460471567267,-6.9348127600490176e-06
173,3935.958127260208,810.0,113.00416088765604,25.0,6.102635228848821,-0.0006518723994452029
174,3949.125561475754,830.5,103.32662968099862,27.0,6.319001386962552,-7.628294036060217e-05
175,3962.6551728248596,809.5,103.31692094313453,31.5,6.085298196948682,-3.467406380026672e-05
176,4001.9792020320892,642.0,103.09015256588071,21.0,6.380721220527046,-1.3869625520100807e-05
177,4015.473709344864,999.5,141.65672676837727,32.0,7.1282940360610265,-1.3869625520098111e-05
178,4029.0175156593323,753.5,134.31276005547852,30.5,7.0013869625520115,-5.547850208043167e-05
179,4068.252460718155,1370.0,145.14493758668516,40.5,7.105409153952843,-2.7739251040213587e-05
180,4081.8054881095886,841.0,114.11511789181692,29.0,6.585298196948682,-0.00022884882108181902
181,4095.710505247116,1267.5,168.84049930651872,30.5,7.303744798890429,-0.00010402219140082103
182,4134.6253089904785,1776.0,168.44174757281553,30.5,6.779472954230235,-0.00013869625520110027
183,4148.137384176254,955.5,122.7739251040222,31.5,6.675450762829404,-2.7739251040209467e-05
184,4162.056569337845,1363.5,152.71567267683773,33.0,6.951456310679612,-0.000180305131761432
185,4201.39158987999,2040.0,282.50693481276005,40.0,8.426490984743412,-2.7739251040210565e-05
186,4214.914897680283,588.5,102.51109570041609,31.0,6.470873786407767,-0.00012482662968098807
187,4254.031521081924,1594.5,149.3973647711512,36.0,6.958391123439667,-6.934812760043551e-06
188,4267.36949300766,963.0,100.67128987517337,28.0,5.9375866851595,6.698294253979793e-18
189,4280.97448849678,1020.5,139.40568654646324,31.5,6.866158113730929,-3.467406380026795e-05
190,4320.249807596207,2412.5,229.75658807212204,47.5,7.760748959778086,-4.160887656032488e-05
191,4333.895814180374,1904.5,171.00693481276005,42.0,7.482662968099861,-0.00013176144244104687
192,4347.426319122314,692.5,111.91747572815534,30.5,6.61373092926491,8.00715634958504e-18
193,4386.3054966926575,666.0,111.32038834951456,27.5,6.712205270457698,-1.3869625520103309e-05
194,4399.980113267899,1060.0,153.2988904299584,31.0,6.976421636615811,-6.934812760047227e-06
195,4413.586155653,1304.0,138.70041608876562,40.5,7.089459084604716,-1.3869625520101422e-05
196,4452.529985189438,1207.0,166.53536754507627,40.0,7.633841886269071,8.00715634958504e-18
197,4466.013199806213,1358.0,139.45977808599167,33.0,6.978502080443828,-1.3869625520102231e-05
198,4505.3812074661255,474.0,91.02843273231622,22.5,6.24618585298197,-1.3869625520102789e-05
199,4518.837185621262,594.5,100.3377253814147,27.5,6.243411927877947,9.546994109120625e-18
200,4532.636506795883,896.5,99.05547850208043,27.5,6.133841886269071,7.468213133747585e-18
201,4571.801786661148,1025.0,107.53190013869626,26.0,6.291955617198336,8.295875929497962e-18
202,4585.042954921722,562.0,87.97364771151179,26.5,5.790568654646324,-2.773925104021409e-05
203,4598.459156751633,482.0,84.44382801664355,24.0,5.79126213592233,-0.00014563106796115674
204,4637.3423318862915,1094.5,115.6643550624133,33.0,6.178918169209432,6.448070618055261e-18
205,4650.702608823776,790.0,95.1636615811373,30.5,6.051317614424411,-0.0004022191400832102
206,4664.3327741622925,1095.0,118.13800277392511,33.0,6.151872399445216,9.123538725248338e-18
207,4702.870978355408,620.5,85.69070735090153,25.0,5.667822468793343,-2.773925104021624e-05
208,4716.45280957222,591.0,87.02149791955617,23.0,5.873092926490985,-0.00042302357836337555
209,4730.660123825073,777.0,92.00624133148405,25.0,5.826629680998613,-0.0001941747572815455
210,4769.960835695267,1004.0,113.20457697642163,30.5,6.336338418862691,-2.7739251040214e-05
211,4783.741740942001,786.5,101.05547850208045,27.0,6.253120665742025,-0.00010402219140082587
212,4822.18744635582,554.5,102.66712898751734,25.5,6.256588072122053,-6.241331484049128e-05
213,4836.014049291611,1232.5,138.3398058252427,38.0,6.669902912621359,-0.00024271844660193545
214,4849.3786470890045,779.5,95.873786407767,27.0,6.092926490984743,-0.00023578363384187692
215,4888.376849889755,1194.5,162.43203883495144,36.5,7.154646324549237,-2.080443828015937e-05
216,4901.998394012451,424.0,79.56241331484051,22.0,5.760748959778086,-2.0804438280159604e-05
217,4915.535884618759,493.5,86.34535367545075,23.5,5.911927877947296,-0.000208044382801658
218,4954.82603263855,858.0,106.19348127600554,27.0,6.226768377253814,-1.3869625520103e-05
219,4974.009525775909,142126.0,42270.28502080443,101.0,44.825936199722605,-1.9656934812760054
220,4989.173339605331,756.5,112.80513176144245,34.0,6.680305131761442,7.641444881695339e-18
221,5029.367077112198,21321.0,3333.128987517337,50.0,13.006934812760054,-0.29097780859916783
222,5043.003430604935,1523.5,160.48058252427185,29.0,6.725381414701803,-1.3869625520102655e-05
223,5087.420907258987,63977.0,17694.58876560333,88.5,39.499306518724,-0.45826629680998615
224,5100.978561878204,1123.5,148.2766990291262,36.0,7.360610263522885,-0.0001248266296809906
225,5119.854019403458,38147.0,14898.067267683773,87.5,34.48543689320388,-1.3869625520103348e-05
226,5158.6366374492645,2405.5,205.8640776699029,36.0,7.375866851595006,-6.9348127600489405e-06
227,5173.779447078705,19312.0,4051.613037447989,54.0,18.047850208044384,-0.2485506241331484
228,5187.850970506668,1009.5,136.6990291262136,35.0,7.160194174757281,-6.934812760054816e-05
229,5232.299437761307,123696.0,24621.169209431348,140.0,45.82940360610263,-0.1744868238557559
230,5248.291454553604,1920.5,204.98751733703187,39.5,7.868932038834951,-1.3869625520105233e-05
231,5263.005172014236,9682.0,1063.127600554785,69.5,12.843273231622746,-9.015256588071059e-05
232,5301.606866598129,2446.5,213.52635228848823,37.0,7.482662968099861,-1.3869625520104618e-05
233,5315.360647916794,1215.5,152.10818307905686,37.0,7.124826629680999,-1.3869625520104156e-05
234,5329.218370676041,2531.0,346.20388349514565,46.0,8.909847434119278,7.583700965712754e-18
235,5368.086570978165,2777.0,224.02357836338422,41.5,7.825242718446603,7.00626180588691e-18
236,5382.043006658554,3520.5,280.4126213592233,56.0,8.823162274618586,-6.934812760047786e-06
237,5422.8793478012085,7689.5,1304.128987517337,47.5,12.717753120665742,-6.934812760050976e-06
238,5439.034164428711,19279.5,2860.4459084604714,88.5,19.9001386962552,7.776180685654702e-18
239,5454.431884050369,15846.5,1827.966712898752,64.5,14.041608876560332,-2.080443828018605e-05
240,5493.479286909103,1013.0,125.0617198335645,32.0,6.647018030513176,-5.5478502080434594e-05
241,5507.195067167282,1659.5,173.04299583911234,31.0,7.038141470180305,-0.00041608876560332315
242,5520.978393316269,657.0,110.86269070735091,26.0,6.337031900138696,5.350936214386157e-18
243,5562.224912881851,1846.5,222.6123439667129,42.0,7.915395284327323,8.584595509410884e-18
244,5577.23460316658,6683.5,1091.7968099861305,53.5,12.317614424410541,-0.007864077669902908
245,5593.111337184906,14818.5,2579.631067961165,68.5,18.115811373092924,8.04565229357343e-18
246,5641.296577692032,43648.5,15448.656726768377,124.0,47.73092926490985,-0.08947988904299584
247,5660.760650396347,42182.0,11237.46185852982,105.0,40.739251040221916,-0.4923647711511789
248,5708.448251724243,49893.0,18091.33911234397,133.0,48.801664355062414,-0.3079889042995839
249,5724.0838668346405,12025.5,1393.1074895977808,73.5,15.08876560332871,-2.7739251040215627e-05
250,5737.950793981552,6271.0,455.247572815534,65.0,9.735783633841887,6.120855094153949e-18
251,5781.385873556137,21620.5,5386.591539528433,91.5,25.921636615811373,-0.0001872399445214933
252,5795.328835248947,10585.5,903.750346740638,60.0,11.70249653259362,-0.018765603328710113
253,5814.71799826622,36926.5,8392.337031900139,137.0,36.366851595006935,-0.0001872399445214921
254,5856.534243822098,15270.5,4314.828016643551,70.5,18.615811373092924,-1.386962552010635e-05
255,5870.300534963608,1614.0,163.3120665742025,37.5,7.333564493758669,-0.00014563106796115655
256,5883.9334325790405,3176.5,257.2836338418863,37.0,8.28224687933426,-0.0001525658807212145
257,5922.722873449326,3562.5,276.8959778085992,40.5,7.841886269070736,6.8715260019275466e-18
258,5936.533635377884,4031.0,285.4805825242719,47.5,8.479195561719834,-0.0005755894590845998
259,5977.142462491989,10533.0,3405.1955617198337,43.0,15.494452149791956,-0.00046463245492370096
260,5990.800497293472,8663.0,553.1955617198336,57.5,9.629680998613036,-0.00019417475728154718
261,6004.913328409195,5412.0,476.94313453536756,44.5,8.726768377253814,-0.00042995839112342356
262,6043.714867353439,647.0,134.6352288488211,28.5,7.247572815533981,6.852278029933352e-18
263,6057.4338500499725,1494.5,159.80235783633842,34.0,7.424410540915395,-0.0008599167822468717
264,6070.993232011795,1007.0,129.2260748959778,32.0,6.833564493758669,5.793639570252638e-18
265,6109.300801753998,2063.0,166.124826629681,31.5,7.4056865464632455,-0.00012482662968099466
266,6122.722392082214,775.5,107.35644937586684,26.5,6.5839112343966715,-0.000499306518723989
267,6136.549229383469,1034.5,153.1851595006935,32.5,7.5360610263522885,-0.0004022191400832083
268,6175.574044942856,865.0,119.86546463245492,34.5,6.750346740638003,-0.00020804438280165754
269,6189.552717447281,1471.0,190.64771151178917,40.5,7.79126213592233,-0.00042302357836337625
270,6203.393725156784,1817.5,208.29195561719834,38.5,8.242024965325935,8.430611733457325e-18
271,6242.473241567612,990.0,139.04368932038835,35.0,7.375173370319001,-8.321775312065922e-05
272,6256.1405284404755,713.5,133.63037447988904,29.0,7.108876560332871,-4.160887656032448e-05
273,6295.063340425491,745.5,146.34396671289875,28.5,7.5624133148405,8.113020195553111e-18
274,6309.060612440109,948.0,143.16920943134534,34.0,7.167822468793343,7.064005721869495e-18
275,6322.463086843491,572.5,106.00208044382802,25.5,6.330790568654646,-3.4674063800270575e-05
276,6362.723227262497,784.0,115.14771151178917,28.5,6.714285714285714,-2.773925104021476e-05
277,6377.446686506271,3286.5,313.06033287101246,35.0,8.178918169209432,-2.080443828015914e-05
278,6392.649543523788,662.5,121.81622746185853,25.5,6.869625520110957,-1.3869625520103615e-05
279,6435.955020666122,1069.5,146.1622746185853,32.0,7.209431345353675,-0.0012135922330097015
280,6451.556601285934,1226.5,147.5478502080444,30.0,7.325936199722608,8.00715634958504e-18
281,6466.187883615494,885.0,153.5492371705964,29.0,7.477115117891817,-6.934812760048402e-06
282,6510.602963924408,1814.0,207.36685159500695,35.5,8.165742024965326,-1.386962552010354e-05
283,6524.789709806442,972.0,152.95353675450764,32.5,7.568654646324549,-0.0005478502080443742
284,6566.803116559982,493.5,103.14771151178918,26.0,6.539528432732316,-6.934812760048257e-06
285,6581.611888408661,1032.0,169.9889042995839,30.0,7.774618585298198,7.583700965712754e-18
286,6596.036188840866,782.0,131.71705963938973,31.5,7.147711511789182,-0.00015256588072121353
287,6640.15082526207,776.5,149.39667128987517,30.5,7.598474341192787,-2.0804438280157754e-05
288,6655.780542850494,823.0,133.0110957004161,27.0,6.982662968099861,-0.00015950069348126785
289,6671.301199674606,574.0,112.875866851595,26.0,6.7961165048543695,-0.00013869625520110152
290,6716.178495645523,824.0,116.15395284327323,31.0,6.859223300970873,9.239026557213508e-18
291,6730.562490940094,1138.0,137.0887656033287,25.0,6.812066574202497,-7.628294036060404e-05
292,6744.958792924881,552.5,107.06796116504854,26.0,6.52635228848821,6.351830758084287e-18
293,6786.731070995331,824.5,114.70180305131761,33.0,6.651872399445216,-0.00019417475728154653
294,6801.98721909523,1306.0,161.1095700416089,33.5,7.1490984743411925,-0.0001456310679611595
295,6816.559785366058,601.0,92.29056865464632,31.0,6.10124826629681,-4.1608876560325666e-05
296,6861.659304857254,1110.5,153.0742024965326,34.5,7.430651872399445,-0.00019417475728154664
297,6877.111791133881,639.5,115.58529819694868,24.5,6.865464632454923,6.351830758084287e-18
298,6916.472279310226,618.5,109.95145631067962,27.5,6.643550624133148,7.314229357794027e-18
299,6929.8959171772,1006.0,126.56588072122054,28.5,6.626907073509015,-9.708737864076874e-05
300,6943.519810914993,1234.0,140.22260748959778,36.0,7.133841886269071,-3.467406380027245e-05
301,6982.317963838577,854.0,121.15672676837727,26.5,6.8925104022191395,-0.00017337031900138184
302,6996.112498521805,1292.5,157.44729542302358,31.5,7.414701803051317,-0.0002635228848821033
303,7009.5701422691345,1167.5,140.80235783633842,37.5,6.932038834951456,5.8128875422468326e-18
304,7049.241989612579,1370.0,156.57836338418863,34.0,7.275312066574203,-0.00013176144244104605
305,7062.676161527634,1070.0,168.8231622746186,31.5,7.442441054091539,-0.00018723994452149058
306,7076.612758874893,1977.5,171.25312066574202,34.0,7.624133148404993,8.738579285364442e-18
307,7115.685669183731,778.0,124.03952843273231,25.5,6.948682385575589,-1.3869625520105464e-05
308,7129.161450624466,1355.5,177.33356449375867,26.0,7.6047156726768375,-0.00048543689320387567
309,7168.744168043137,1077.5,131.7004160887656,28.5,7.1525658807212205,-8.321775312065748e-05
310,7182.148587942123,569.5,119.37447988904299,26.5,7.027739251040222,-5.5478502080437765e-05
311,7195.803333997726,703.0,124.51941747572815,26.5,7.260748959778086,-0.00023578363384187915
312,7235.078858375549,1324.5,152.89805825242718,29.5,7.518030513176145,-0.00013869625520110003
313,7249.001786470413,870.5,133.95769764216368,27.0,7.4750346740638,-6.9348127600487575e-06
314,7262.586946964264,2376.0,169.10263522884884,50.0,7.7690707350901524,-9.708737864076992e-05
315,7301.4568774700165,747.5,137.63453536754508,33.5,7.44382801664355,-0.0001941747572815446
316,7314.9729726314545,1040.5,130.0249653259362,31.5,7.3065187239944525,-2.7739251040214027e-05
317,7328.640021324158,1437.5,144.72052704576976,30.0,7.400832177531207,-2.773925104021741e-05
318,7368.510960817337,1299.0,160.06518723994452,28.5,8.03259361997226,-4.1608876560324826e-05
319,7382.042275190353,767.5,121.10471567267683,28.5,7.156033287101248,-4.854368932038118e-05
320,7395.58677482605,1555.0,167.27739251040222,32.0,7.762829403606103,-6.934812760054471e-05
321,7434.73673582077,811.5,147.1629680998613,31.0,7.454923717059639,-0.0004785020804438196
322,7448.4223029613495,727.5,147.75381414701803,31.5,7.820388349514563,1.0903976134711359e-17
323,7486.951999425888,1241.5,186.13176144244105,41.0,8.3876560332871,-0.0017822468793342486
324,7500.598687887192,761.0,164.11997226074897,29.5,8.251040221914009,-3.467406380026741e-05
325,7514.324259996414,1036.5,188.16158113730927,31.5,8.567961165048544,-5.547850208043504e-05
326,7553.417327165604,922.5,143.86130374479887,32.0,7.790568654646325,-0.002309292649098465
327,7567.0934817790985,810.5,158.96463245492373,31.0,7.896671289875174,-0.0003259361997225996
328,7580.440702676773,1202.5,156.44729542302358,27.0,7.579056865464633,-2.7739251040213373e-05
329,7619.685695886612,800.0,134.98058252427182,28.5,7.440360610263523,-0.000596393897364762
330,7633.262266397476,923.5,137.9639389736477,34.0,7.305825242718447,-0.00015950069348126867
331,7646.943535089493,2280.0,195.0110957004161,34.5,7.859916782246879,-0.00015256588072121198
332,7685.370382785797,1324.0,160.7975034674064,30.0,7.434812760055479,-0.00043689320388348615
333,7698.790922164917,888.5,143.82385575589458,31.0,7.2004160887656035,-1.386962552010532e-05
334,7738.018022537231,791.5,119.6629680998613,29.5,7.002773925104022,-0.0001386962552011035
335,7751.400379419327,510.0,105.03190013869626,24.0,6.703190013869625,-0.00027045769764215524
336,7764.993046045303,2601.0,266.0651872399445,29.0,7.730235783633841,-0.0001525658807212137
337,7804.622320175171,829.5,107.39597780859917,30.0,6.461165048543689,9.075418795262853e-18
338,7818.299516439438,6350.5,1546.6081830790567,33.5,9.128294036061027,-0.00037447988904299
339,7831.8843677043915,677.0,100.0124826629681,25.5,6.398058252427184,-0.00013869625520110355
340,7871.285401582718,2428.5,169.68585298196948,44.0,7.228848821081831,7.314229357794027e-18
341,7884.716000080109,1711.0,138.29819694868237,36.5,6.742024965325936,-4.160887656032723e-05
342,7898.418255805969,486.0,93.47226074895978,22.5,5.96879334257975,-0.0005062413314840437
343,7936.987035512924,1601.0,119.05201109570041,33.0,6.255894590846047,-0.0002496532593619915
344,7950.398897409439,1132.0,130.5138696255201,31.0,6.598474341192787,-6.934812760054921e-05
345,7990.03963303566,816.0,124.12274618585298,27.0,6.608876560332871,6.505814534037845e-18
346,8003.375967264175,786.0,99.49375866851595,29.5,6.132454923717059,-6.934812760049556e-06
347,8016.780503034592,542.5,84.60610263522884,23.5,5.781553398058253,-0.0001664355062413265
348,8055.55141043663,427.0,85.80859916782248,23.5,5.698335644937587,5.7166476822758586e-18
349,8069.170531511307,466.0,82.8252427184466,29.5,5.7004160887656035,-6.241331484049382e-05
350,8082.681805372238,624.5,96.88349514563106,31.0,5.913314840499307,-1.3869625520106677e-05
351,8121.448110342026,529.5,87.0492371705964,24.5,5.6934812760055475,-6.93481276004794e-06
352,8134.89205956459,551.0,85.57004160887655,27.5,5.648404993065187,-6.93481276005497e-05
353,8148.543317556381,538.5,74.11511789181692,21.0,5.181692094313454,5.48567201834552e-18
354,8188.136207818985,654.0,93.6643550624133,28.0,5.69625520110957,-4.1608876560328634e-05
355,8201.799471616745,1477.5,133.11789181692095,29.0,6.425104022191401,6.7752861419565726e-18
356,8215.566400051117,1019.0,102.96879334257974,34.5,6.2004160887656035,-8.321775312065754e-05
357,8254.820343255997,384.5,71.96671289875174,23.5,5.307905686546463,-7.628294036060503e-05
358,8268.386650800705,1025.5,102.17614424410542,25.5,5.787101248266296,-1.3869625520105118e-05
359,8306.876332998276,1437.0,116.51317614424411,32.5,6.131761442441054,-6.934812760051972e-06
360,8320.54877448082,470.5,78.248959778086,24.5,5.34257975034674,-6.934812760050364e-06
361,8334.44479060173,573.5,96.81692094313453,27.5,5.907073509015257,-6.934812760049932e-06
362,8374.378859519958,626.5,106.873786407767,24.5,6.158113730929265,-1.3869625520104464e-05
363,8388.185051202774,724.0,120.5506241331484,29.5,6.947988904299583,-0.0002773925104022122
364,8401.784898519516,1242.0,144.63384188626907,30.0,7.0221914008321775,-2.7739251040214932e-05
365,8440.86809873581,1182.5,142.5124826629681,28.5,7.092926490984744,6.08235915016556e-18
366,8454.453997373581,952.0,135.02912621359224,27.0,6.966712898751734,7.737684741666313e-18
367,8468.090945005417,825.5,149.0589459084605,26.0,7.334257975034674,-0.00024965325936198953
368,8506.695745944977,718.0,122.77115117891817,27.0,6.762135922330097,-0.0002843273231622687
369,8520.245123624802,782.0,115.2018030513176,30.0,6.735783633841886,8.238132013515377e-18
370,8558.793653964996,803.5,113.61165048543688,28.0,6.667128987517337,7.521145056731621e-18
371,8572.114270925522,497.0,103.44590846047157,26.5,6.41123439667129,6.2940868421017026e-18
372,8585.964485883713,495.5,117.99098474341193,23.0,6.881414701803051,6.659798309991404e-18
373,8624.87699842453,730.5,121.89528432732317,26.0,6.8717059639389735,-0.0002427184466019347
374,8638.37377333641,1175.5,123.56033287101249,33.5,6.721220527045769,-0.0004091539528432638
375,8652.345635175705,4746.5,336.0450762829404,43.0,8.80998613037448,6.736790197968183e-18
376,8691.500406742096,987.0,148.6650485436893,35.0,7.433425797503467,-9.015256588071417e-05
377,8706.048205137253,7644.0,925.9493758668516,48.0,11.028432732316228,-5.5478502080434045e-05
378,8719.84737443924,865.5,161.04299583911234,27.0,7.858529819694867,9.470002221143845e-18
379,8759.23585152626,848.0,167.70804438280166,28.5,7.8578363384188625,-4.854368932038044e-05
380,8772.829130887985,866.5,149.8370319001387,33.0,7.634535367545077,-0.0001664355062413239
381,8786.664534568787,1473.5,204.5367545076283,33.0,8.556865464632455,-0.00030513176144243215
382,8826.097088813782,717.5,128.48058252427182,29.5,7.168515950069349,-0.00013176144244104486
383,8840.12016248703,1071.0,172.38418862690708,31.5,7.5221914008321775,7.93016446160826e-18
384,8879.13865351677,868.0,138.29472954230235,25.0,7.225381414701802,-0.0002565880721220414
385,8892.907111883163,934.0,152.81761442441052,32.5,7.604022191400832,-0.0001109570041608788
386,8906.63447523117,971.5,156.54022191400833,32.5,7.583217753120666,-0.0003051317614424315
387,8945.676602363586,629.0,135.04438280166434,31.5,7.3099861303744795,-0.0001386962552011018
388,8959.297629117966,901.0,147.17267683772536,26.0,7.305131761442441,-0.00011789181692093483
389,8973.028505325317,510.0,122.77045769764217,25.0,7.08252427184466,-0.00018723994452148955
390,9012.8184299469,1002.5,136.87794729542304,33.0,7.309292649098474,-4.1608876560322976e-05
391,9026.161126852036,1173.5,139.87864077669903,28.5,6.982662968099861,-0.00015950069348126642
392,9039.65121626854,503.0,116.02011095700416,27.5,6.941747572815534,-1.3869625520102521e-05
393,9078.338495969772,923.5,135.2773925104022,32.0,7.4091539528432735,-1.3869625520103231e-05
394,9091.865961790085,808.5,135.94521497919555,28.5,7.181692094313453,-0.00010402219140082289
395,9132.097892045975,659.0,112.99445214979195,26.5,6.527045769764216,-3.4674063800269416e-05
396,9146.333549261093,553.0,118.60748959778086,25.5,6.896671289875173,-6.934812760045774e-06
397,9159.93141245842,540.5,110.92371705963939,22.0,6.479195561719834,-0.00011095700416087961
398,9198.753984451294,687.0,102.48890429958391,29.0,6.488904299583911,-0.00024271844660193474
399,9212.29213309288,736.0,126.02704576976421,29.5,6.878640776699029,7.102501665857884e-18
400,9226.043476104736,812.0,104.1504854368932,26.5,6.116504854368932,6.804158099947865e-18
401,9264.680408716202,1891.5,238.87933425797502,31.0,6.622746185852982,-1.3869625520103348e-05
402,9278.376678705215,428.0,105.86546463245492,26.0,6.404299583911234,-2.7739251040214004e-05
403,9291.965308904648,623.5,106.38349514563106,26.0,6.175450762829403,-6.934812760049397e-06
404,9331.04670715332,925.5,107.55478502080445,25.5,6.284327323162275,-2.7739251040215183e-05
405,9344.640355587006,817.0,124.65395284327323,26.5,6.708737864077669,-1.3869625520104964e-05
406,9387.223672628403,602.5,96.33079056865463,27.0,6.164355062413315,7.93016446160826e-18
407,9402.414496660233,638.0,100.59639389736478,28.0,6.020804438280166,-4.854368932038092e-05
408,9417.2285425663,486.0,92.27877947295423,22.5,5.995839112343967,-2.7739251040215308e-05
409,9461.130453586578,469.5,86.73162274618585,22.5,6.015950069348127,-9.01525658807134e-05
410,9475.89162349701,700.0,99.68862690707351,24.5,6.142857142857143,6.948517889904326e-18
411,9491.47332072258,520.5,94.6622746185853,20.0,5.966019417475728,-0.00015950069348127178
412,9534.173003196716,714.5,105.21636615811373,31.0,6.217753120665742,-7.628294036060426e-05
413,9548.577130317688,700.0,88.45214979195562,29.0,5.810679611650485,-0.00013176144244104833
414,9563.634971380234,802.0,93.17128987517337,34.5,6.014563106796116,-4.160887656032511e-05
415,9606.146094083786,568.0,95.93065187239944,30.0,6.0117891816920945,-2.7739251040216626e-05
416,9620.177819013596,484.0,84.73578363384189,24.5,5.794729542302358,-2.0804438280159333e-05
417,9635.036335468292,502.0,81.3377253814147,25.5,5.684466019417476,-1.386962552010481e-05
418,9680.036963224411,599.0,96.4126213592233,30.0,6.0769764216366156,-2.0804438280159065e-05
419,9695.421433210373,572.0,88.24895977808599,25.0,5.835644937586685,-2.080443828015981e-05
420,9737.816178560257,501.0,83.34812760055479,24.5,5.773231622746186,-2.773925104021605e-05
421,9752.075832366943,605.5,91.42094313453538,27.5,5.984743411927878,-1.3869625520104645e-05
422,9766.573795557022,578.5,81.49653259361997,25.0,5.578363384188627,-0.00010402219140082607
423,9810.014784097672,392.0,80.88488210818308,22.5,5.792649098474341,5.4279281023629366e-18
424,9825.649012327194,637.0,94.73578363384189,26.5,5.915395284327323,5.8128875422468326e-18
425,9841.228197336197,603.5,99.92718446601941,25.5,5.999306518723994,6.1208550941539494e-18
426,9886.153362035751,470.5,87.03606102635229,24.5,5.757281553398058,6.255590898113313e-18
427,9899.658534288406,381.5,79.97434119278779,23.5,5.504854368932039,-3.467406380027065e-05
428,9913.083031892776,608.5,89.26907073509015,26.5,5.843966712898752,-1.3869625520104232e-05
429,9952.02404165268,690.0,98.04022191400833,26.5,5.794036061026352,-6.934812760049017e-06
430,9966.45817065239,478.5,85.1012482662968,25.0,5.682385575589459,-2.7739251040215403e-05
431,10010.036712884903,593.5,97.68654646324549,28.5,5.869625520110957,-1.3869625520105311e-05
432,10024.525571584702,492.5,90.69764216366158,20.0,5.3030513176144245,-6.934812760049787e-06
433,10039.64443230629,382.5,67.46047156726769,21.0,5.131761442441054,4.388537614676416e-18
434,10083.384412288666,406.0,72.38072122052705,26.0,5.379334257975035,-0.00014563106796115972
435,10097.612588644028,423.5,69.09639389736478,21.0,5.090152565880722,5.119960550455819e-18
436,10112.200087070465,357.0,65.28085991678225,24.0,5.09500693481276,-0.00013176144244104882
437,10154.176228284836,648.0,83.82662968099862,23.0,5.726768377253814,-0.00015950069348127094
438,10168.78777384758,646.0,79.27253814147018,25.0,5.3404993065187245,-0.00017337031900138212
439,10182.79355597496,551.5,78.32385575589458,24.0,5.420943134535367,-3.4674063800271375e-05
440,10225.526905536652,438.5,82.31276005547849,26.0,5.631067961165048,-0.0001317614424410473
441,10260.106372117996,316790.0,87784.61442441054,234.5,93.30443828016644,-0.8569278779472956
442,10276.079288244247,523.0,79.26352288488211,26.5,5.527739251040222,-0.00016643550624132532
443,10320.297185659409,485.5,73.95977808599167,20.0,5.065187239944521,-1.38696255201056e-05
444,10334.698299407959,3726.0,389.93065187239944,25.0,6.733009708737864,-0.0001109570041608831
445,10375.98392701149,730.0,87.69070735090153,26.5,5.658113730929265,-2.7739251040216067e-05
446,10390.959825277328,746.5,90.03120665742026,27.0,5.48127600554785,5.630031808301981e-18
447,10406.01748585701,413.5,75.93966712898752,20.0,5.185159500693482,6.08235915016556e-18
448,10451.117432832718,496.5,78.12690707350902,21.0,5.4674063800277395,-6.93481276005009e-06
449,10466.044496297836,507.5,83.99167822468794,21.5,5.30374479889043,-4.854368932038264e-05
450,10480.328302145004,796.5,87.65395284327323,22.0,5.611650485436893,-0.0002635228848821025
451,10519.786812067032,586.0,85.27115117891816,20.5,5.31622746185853,-2.0804438280160814e-05
452,10533.203936576843,411.0,68.26837725381415,24.0,5.0013869625520115,-6.934812760049884e-06
453,10546.941256046295,488.0,76.55963938973647,19.5,5.049237170596394,-5.547850208043761e-05
454,10586.102612495422,554.0,75.25520110957004,18.0,5.140083217753121,-1.3869625520105965e-05
455,10599.698293685913,662.0,75.2871012482663,25.0,5.093619972260749,4.292297754705442e-18
456,10639.119991779327,462.5,67.77877947295423,19.0,4.91123439667129,6.2363429261191174e-18
457,10652.9731361866,302.0,66.26074895977808,20.0,4.997919556171983,-1.3869625520106773e-05
458,10666.527009248734,498.5,71.35436893203884,19.5,4.84882108183079,-5.547850208043853e-05
459,10706.178548336029,554.0,67.02011095700416,25.5,4.963245492371707,-8.321775312066086e-05
460,10719.373266458511,820.0,95.5991678224688,20.0,4.8099861303744795,-1.386962552010529e-05
461,10732.695591449738,378.5,60.61442441054092,22.0,4.723300970873787,-2.0804438280162145e-05
462,10771.992407560349,372.5,65.44798890429958,18.5,4.845353675450763,5.476048032348423e-18
463,10785.24652147293,357.0,62.70873786407766,19.5,4.834951456310679,5.8610074722323196e-18
464,10798.585803508759,405.5,62.30790568654646,19.0,4.8848821081830796,-2.773925104021786e-05
465,10837.054580926895,514.5,70.11303744798892,19.5,4.769070735090153,-0.00011095700416088144
466,10850.427541971207,392.5,58.20735090152566,18.5,4.438280166435506,5.8513834862352214e-18
467,10863.790577411652,277.5,54.03814147018031,21.0,4.517337031900139,-1.3869625520105272e-05
468,10902.950095176697,417.5,58.801664355062414,21.0,4.592233009708737,-0.00015950069348127233
469,10916.570840597153,443.5,63.42579750346741,21.5,4.6178918169209435,-9.015256588071669e-05
470,10956.482423305511,408.5,57.171983356449374,23.0,4.608876560332871,5.5626639063223e-18
471,10969.74113893509,447.5,64.17822468793342,21.0,4.531206657420249,-4.854368932038491e-05
472,10983.251626491547,251.5,52.11511789181692,19.0,4.389042995839112,-6.934812760055035e-05
473,11023.89407324791,346.5,59.011789181692095,21.5,4.647711511789182,-4.854368932038312e-05
474,11037.086517572403,369.0,56.061026352288486,19.0,4.4368932038834945,5.678151738287469e-18
475,11050.390836000443,411.0,59.40429958391123,23.0,4.561719833564494,-6.934812760052227e-06
476,11089.3138256073,646.0,67.45284327323162,20.0,4.798890429958391,4.7927450265545074e-18
477,11102.714531183243,410.5,54.64701803051317,21.5,4.404299583911234,4.48477747464739e-18
478,11115.984885931015,503.5,58.20596393897365,24.5,4.597087378640777,-6.241331484049357e-05
479,11154.63701081276,355.5,49.90846047156727,19.0,4.269764216366158,-1.3869625520105887e-05
480,11167.708778142929,549.5,57.49791955617198,25.0,4.606796116504855,-7.628294036060611e-05
481,11206.325644254684,438.5,52.43065187239945,25.0,4.390429958391124,5.235448382420988e-18
482,11219.537034749985,560.0,64.90360610263522,21.5,4.844660194174757,-0.00023578363384188085
483,11233.01613497734,423.0,59.80790568654646,22.5,4.726768377253814,-0.0002773925104022112
484,11273.073370218277,15615.0,2471.249653259362,38.5,9.968099861303745,-0.0013245492371705898
485,11286.216087579727,502.5,62.28224687933425,24.5,4.696255201109571,5.312440270397767e-18
486,11299.636924505234,329.0,54.22746185852982,21.5,4.441747572815534,-6.93481276005483e-05
487,11338.719143629074,248.0,50.87101248266297,18.0,4.3647711511789185,-4.1608876560326906e-05
488,11352.749568223953,398.0,57.45423023578363,20.5,4.558252427184466,4.013202160789617e-18
489,11365.976112127304,306.0,53.472954230235786,23.0,4.4126213592233015,-2.7739251040215566e-05
490,11405.35242843628,601.5,64.74687933425797,26.5,4.965325936199722,-0.00018723994452149196
491,11418.721575260162,974.0,76.49029126213593,33.0,5.266990291262136,-0.00010402219140082682
492,11457.788506269455,292.0,55.68585298196949,20.5,4.628987517337032,-6.934812760054938e-05
493,11470.777899980545,312.0,62.07142857142857,20.0,4.888349514563107,-1.3869625520104676e-05
494,11484.247801542282,393.5,55.75797503467406,21.0,4.597087378640777,-2.080443828016164e-05
495,11523.375812292099,433.5,59.48196948682386,23.5,4.612343966712899,-2.773925104021709e-05
496,11536.739120483398,342.0,57.97503467406381,21.5,4.597087378640777,-1.3869625520104888e-05
497,11550.068188905716,539.0,67.69556171983356,21.5,4.550624133148405,3.926586286815741e-18
498,11589.133708000183,356.0,55.80651872399446,23.0,4.552011095700416,4.311545726699637e-18
499,11602.428740024567,1405.0,107.88141470180307,22.5,5.136615811373092,5.427928102362936e-18
500,11615.943114995956,446.0,68.75242718446603,24.5,4.986823855755894,4.157561950746078e-18
501,11654.694119691849,902.5,80.94313453536753,24.5,5.069348127600555,-2.7739251040216704e-05
502,11668.091309309006,393.0,55.868932038834956,21.5,4.5624133148405,-9.015256588071517e-05
503,11681.316980361938,862.5,83.8245492371706,25.0,5.210124826629681,-6.934812760049556e-06
504,11721.362359285355,305.0,55.463245492371705,21.5,4.579056865464633,-0.00018723994452149342
505,11735.16149353981,379.5,56.40152565880721,21.0,4.489597780859917,-1.3869625520106467e-05
506,11776.85661482811,2319.0,258.4382801664355,23.5,5.70873786407767,-8.321775312065907e-05
507,11791.620254516602,516.5,63.14771151178918,20.0,4.686546463245492,-0.0003952843273231547
508,11807.197431325912,654.0,70.1615811373093,22.5,4.947988904299584,-0.00027739251040221334
509,11851.563406944275,295.0,55.374479889042995,19.5,4.610957004160888,-2.080443828016191e-05
510,11866.965419054031,295.5,53.075589459084604,22.0,4.466712898751734,-0.0004091539528432673
511,11882.0263402462,2730.0,201.37864077669903,32.0,5.528432732316228,-4.1608876560328776e-05
512,11925.82521867752,742.0,66.44105409153953,27.0,4.8613037447988905,-0.0001386962552011033
513,11939.696662187576,361.5,65.31414701803052,21.0,4.8578363384188625,-1.3869625520105916e-05
514,11954.428557634354,412.5,57.892510402219145,22.0,4.736477115117892,-6.241331484049471e-05
515,11998.121925115585,605.0,61.59570041608876,26.5,4.657420249653259,-3.467406380027315e-05
516,12012.004286289215,704.5,59.108876560332874,28.5,4.627600554785021,-0.0001317614424410494
517,12055.946763753891,384.0,61.50277392510402,19.0,4.7073509015256585,-0.0001664355062413267
518,12070.61653828621,313.5,53.56726768377254,21.0,4.266990291262136,-4.8543689320383806e-05
519,12085.576430797577,364.0,58.39389736477115,21.0,4.606102635228849,-9.015256588071761e-05
520,12128.972743749619,529.5,58.7753120665742,20.5,4.606102635228849,5.755143626264248e-18
521,12143.302390813828,525.0,59.6615811373093,21.5,4.647018030513176,4.638761250600948e-18
522,12157.429811239243,621.5,65.9632454923717,20.5,4.611650485436893,7.545205021724365e-18
523,12200.801505088806,371.5,53.64771151178918,22.0,4.389042995839112,5.0814646064674294e-18
524,12215.490279197693,382.0,53.140083217753116,23.5,4.330790568654646,-5.547850208043874e-05
525,12230.478234052658,448.0,59.66019417475728,22.5,4.574895977808599,-1.3869625520106773e-05
526,12277.962379932404,435.0,55.62690707350902,22.0,4.269764216366158,3.541626846931845e-18
527,12293.080407619476,367.5,58.61927877947295,21.5,4.5624133148405,-0.000152565880721215
528,12307.485703706741,616.0,58.79958391123439,28.0,4.465325936199722,4.119066006757689e-18
529,12346.672708034515,379.5,53.931345353675454,24.0,4.364077669902913,-1.3869625520106812e-05
530,12359.809552669525,296.0,51.092233009708735,17.0,4.304438280166435,-6.241331484049557e-05
531,12398.863690137863,514.0,57.09639389736478,19.5,4.3821081830790565,-0.00015950069348127054
532,12412.271595716476,398.0,53.55825242718447,22.5,4.295423023578364,-2.773925104021842e-05
533,12425.42828965187,866.0,67.71844660194175,25.0,4.543689320388349,4.061322090775104e-18
534,12465.00972533226,303.0,43.83495145631068,20.0,3.8793342579750347,-1.3869625520106787e-05
535,12478.27620792389,427.0,58.18377253814147,20.0,4.434812760055479,-1.386962552010839e-05
536,12491.557620763779,432.5,50.17822468793342,19.0,4.17753120665742,5.158456494444209e-18
537,12530.5268034935,750.0,79.01595006934812,25.0,4.862690707350902,4.26342579671415e-18
538,12543.95563673973,603.0,69.12968099861304,22.5,4.666435506241331,4.638761250600949e-18
539,12557.235021352768,1451.0,77.88696255201108,33.5,4.743411927877947,-1.386962552010683e-05
540,12596.596301794052,606.0,59.01941747572816,25.5,4.513176144244105,-4.8543689320383704e-05
541,12610.527441740036,452.5,55.08252427184466,25.5,4.393203883495145,-0.00010402219140082707
542,12650.150342226028,887.5,87.7614424410541,33.0,4.920249653259361,-1.3869625520106572e-05
543,12663.628640413284,362.5,56.86269070735091,21.0,4.5124826629681,-0.00013176144244104868
544,12677.027370214462,568.0,63.99098474341193,26.0,4.6934812760055475,-4.854368932038389e-05
545,12715.46554684639,382.5,53.189320388349515,20.0,4.325936199722607,5.023720690484845e-18
546,12729.404077529907,558.0,68.34049930651872,22.5,4.914008321775312,-0.00029126213592232546
547,12743.793498754501,434.0,62.542302357836334,26.5,4.626213592233009,5.9283753742120014e-18
548,12783.436712503433,492.5,60.546463245492376,22.0,4.559639389736477,-0.00011095700416088236
549,12796.836093187332,320.5,53.912621359223294,23.5,4.403606102635229,3.791850482856377e-18
550,12810.27487874031,447.0,60.53952843273231,26.0,4.598474341192787,-0.00010402219140082707
551,12849.307140111923,657.5,59.12205270457697,28.5,4.5221914008321775,-5.54785020804389e-05
552,12862.744761228561,284.5,51.23300970873787,19.5,4.152565880721221,-6.934812760050875e-06
553,12876.197161436081,274.0,48.520110957004164,19.5,4.119278779472955,6.1208550941539494e-18
554,12914.930392026901,2033.0,110.75936199722608,30.0,4.696948682385576,-2.080443828016221e-05
555,12928.67408657074,1531.5,104.1484049930652,30.0,5.1525658807212205,-3.467406380027294e-05
556,12967.662678003311,322.0,50.70388349514563,21.5,4.184466019417476,4.542521390629974e-18
557,12980.857506513596,460.5,53.424410540915396,22.5,4.2038834951456305,5.668527752290371e-18
558,12994.510874986649,536.0,58.47364771151179,26.0,4.395977808599168,4.754249082566118e-18
559,13033.007575750351,278.0,52.300277392510395,20.0,4.278085991678225,2.9834356591001955e-18
560,13046.344173669815,376.0,55.17267683772538,25.5,4.20873786407767,4.099818034763494e-18
561,13059.716373682022,673.0,63.291262135922324,27.0,4.660194174757281,-2.080443828016349e-05
562,13098.126099348068,289.0,51.08807212205271,21.0,4.259361997226074,4.7157531385777275e-18
563,13111.477240800858,322.0,62.117198335644936,22.5,4.5977808599167815,-4.160887656032803e-05
564,13125.066560268402,405.5,53.6373092926491,20.5,4.2891816920943135,5.245072368418085e-18
565,13163.72205233574,502.5,56.706657420249655,23.0,4.375866851595007,-3.4674063800272066e-05
566,13177.098010778427,534.0,57.42024965325936,29.5,4.52011095700416,-9.708737864077236e-05
567,13215.773046970367,313.0,49.624133148404994,19.0,4.140083217753121,-0.00016643550624132662
568,13229.286772489548,600.0,73.35159500693482,25.5,4.7656033287101245,6.428822646061066e-18
569,13242.687624692917,859.0,71.7233009708738,26.5,4.7891816920943135,-9.708737864077185e-05
570,13281.913747310638,466.0,60.94244105409154,22.5,4.561026352288488,-4.160887656032785e-05
571,13295.203788280487,435.5,59.94590846047157,24.0,4.548543689320388,4.8889848865254814e-18
572,13308.890630960464,379.5,55.05617198335645,23.5,4.399445214979195,-1.3869625520105955e-05
573,13348.883078098297,3948.5,261.4916782246879,35.5,5.795423023578364,6.178599010136534e-18
574,13362.25748705864,646.0,73.09778085991678,29.0,4.839805825242719,-6.241331484049475e-05
575,13375.464840173721,602.5,61.54923717059639,22.0,4.509708737864077,-9.708737864077072e-05
